order,abun,
Coleoptera,12,4.225352113
Diptera,50,17.6056338
Hemiptera,12,4.225352113
Hymenoptera,182,64.08450704
Lepidoptera,10,3.521126761
Mantodea,1,0.352112676
Neuroptera,2,0.704225352
Orthoptera,14,4.929577465
Psocoptera,1,0.352112676
NA,0,0
,,
,284,
